feature,variance,unique_values,missing_values,mean,std,min,max
mean_spectral_rolloff,1389453.9107622227,16192,0,5001.177324734171,1178.7509960811158,1285.1055,7020.3125
mean_spectral_centroid,1137300.215003685,16541,0,2731.8843561623976,1066.4427856212847,690.6057,4647.8481
std_spectral_rolloff,143483.92869500324,16533,0,1335.771101431851,378.7927252403394,30.6983,2614.9273
std_spectral_centroid,120188.82665165306,16542,0,794.9585581259062,346.682602176188,31.9158,1697.4282
max_f0_hz,48871.66922218713,486,0,190.4714167472209,221.06937649115295,0.0,2093.0045
mean_spectral_bandwidth,45324.08317815045,16534,0,2050.3833287518128,212.89453534121174,1136.5688,2790.6166
mean_f0_hz,30386.496118620697,14000,0,133.09363838206863,174.31722840448302,0.0,2033.4207
min_f0_hz,26109.101500875342,341,0,101.70093533711938,161.58311019681278,0.0,2033.4207
f0_range_hz,19669.783547503415,5975,0,88.77048680521992,140.24900551342037,0.0,2027.5981
std_spectral_bandwidth,10850.552858473331,16521,0,337.16559935355247,104.16598705178832,12.9777,789.7503
mfcc_1_mean,8731.187944339921,16528,0,-322.25796753894076,93.44082589714156,-640.9487915039062,22.26792907714844
std_f0_hz,2529.880914326559,13930,0,29.276203920976318,50.29792157064305,0.0,952.8055
mfcc_2_mean,1230.453048766291,16541,0,50.92682727272886,35.077814195959974,-11.608318328857422,130.55966186523438
mfcc_1_std,725.0973614966151,16541,0,83.69357495488839,26.9276319325821,4.010841369628906,201.9244384765625
mfcc_4_mean,191.80918111024482,16546,0,8.853233308178687,13.849519165308404,-31.680700302124023,53.5938835144043
mfcc_3_mean,141.26846540944874,16546,0,12.312509265287721,11.885641144231503,-40.70023727416992,55.77241134643555
mfcc_6_mean,126.92119413391504,16550,0,5.250712451166625,11.265930682101459,-25.41452980041504,40.76569747924805
mfcc_2_std,112.52617531430825,16545,0,30.847966751992097,10.607835562182714,1.7985211610794067,70.03811645507812
mfcc_3_std,95.8544581403557,16544,0,24.260948773712972,9.790529002069077,1.3424851894378662,63.34246063232422
mfcc_8_mean,67.48499386214945,16549,0,5.030272836883928,8.214925067348421,-21.57706642150879,24.75197410583496
mfcc_5_mean,54.88030513298844,16548,0,3.9441933700714134,7.408124265493151,-25.594804763793945,32.508583068847656
mfcc_4_std,42.117518579690284,16545,0,16.38605197963074,6.489801120195462,0.8070863485336304,41.18873596191406
mfcc_10_mean,40.103981587055195,16548,0,3.3263195122033755,6.332770451157629,-15.599410057067873,23.3314266204834
mfcc_7_mean,37.97296330854175,16548,0,0.2815790887036017,6.16222064750539,-26.19942855834961,18.382980346679688
mfcc_9_mean,24.989085798820703,16546,0,-4.876814168344708,4.998908460736274,-29.93561172485352,13.884835243225098
mfcc_5_std,24.5389780586403,16540,0,12.78109995173826,4.953683282027657,1.0723713636398315,37.01483917236328
mfcc_12_mean,24.513569329073324,16546,0,4.2467760057271855,4.951117987795618,-13.877891540527344,18.278156280517575
mfcc_6_std,18.946553564264836,16549,0,11.87292534197195,4.352763899439624,1.0610747337341309,31.84925079345703
mfcc_7_std,16.697058718389275,16536,0,11.334509943161338,4.086203460229223,1.3248504400253296,33.464599609375
mfcc_13_mean,14.073433907904215,16546,0,-3.845902440741301,3.7514575711187534,-16.42407989501953,9.507555961608888
mfcc_8_std,14.066785874996462,16544,0,10.293806908635082,3.7505714064654816,1.4072760343551636,28.85890388488769
mfcc_11_mean,13.762348769785946,16544,0,-4.057410433179703,3.709763977638732,-26.44851875305176,10.07963752746582
mfcc_9_std,12.586212580026867,16541,0,9.280380178882108,3.547705255517553,1.430040955543518,31.384260177612305
mfcc_11_std,8.41780750392547,16542,0,7.421121157450109,2.901345809090235,1.2415533065795898,28.438072204589844
duration,7.4768243973255455,2211,0,2.974764258095698,2.7343782469376006,0.15,193.829
duration_seconds,7.476819876245439,3015,0,2.9747672788786854,2.734377420226666,0.15,193.8286
mfcc_10_std,6.373508770507771,16544,0,7.859601956186749,2.5245809098754926,1.5071042776107788,21.53135108947754
number_of_speech_segments,4.597542478877844,25,0,1.8951184146930884,2.144188069847849,0.0,76.0
mfcc_12_std,4.508119605788556,16541,0,6.5239049514720495,2.1232332904767097,1.6820862293243408,17.47536277770996
mfcc_13_std,3.2115271734702944,16543,0,5.898386403363704,1.7920734285933415,1.689714789390564,15.411576271057127
speech_ratio,0.05433791143451533,3343,0,0.3211396085065249,0.2331049365296997,0.0,1.0
pause_ratio,0.054337906838645575,3340,0,0.6788604096181731,0.23310492667175778,0.0,1.0
mean_zero_crossing_rate,0.039726139367431114,16038,0,0.2724969833856936,0.19931417252024783,0.008261,0.632078
max_rms_energy,0.03304393645733646,16206,0,0.21922731053649108,0.18177991213920328,0.000782,0.999969
rms_range,0.03170845792590455,16227,0,0.21323457841952637,0.17806868878582935,0.000608,0.937013
speech_rate_proxy,0.015555804380630867,8261,0,0.12908165671822136,0.12472291040795538,0.0,5.333333
std_zero_crossing_rate,0.0052864556028443515,15896,0,0.11451280926776221,0.07270801608381534,0.006433,0.278664
std_rms_energy,0.002632933422381746,15360,0,0.057231199794586754,0.05131211769535288,0.000117,0.345341
mean_rms_energy,0.0021468257511724795,14787,0,0.04373416457225713,0.046333851028945126,0.000302,0.58739
min_rms_energy,0.00014849680994261417,6995,0,0.0059927370106331555,0.012185926716611017,0.000129,0.293308
sample_rate,0.0,1,0,16000.0,0.0,16000.0,16000.0
