feature,importance
mfcc_12_mean,0.07231305665638278
min_rms_energy,0.060121099240999336
std_rms_energy,0.057818197916866765
rms_range,0.05593327388846797
max_rms_energy,0.05482413661213389
mfcc_1_std,0.052277656519439664
mfcc_5_mean,0.03326064058638523
mean_rms_energy,0.03164839892939103
mfcc_6_mean,0.03143101672244172
max_f0_hz,0.031084568152435748
mean_f0_hz,0.02896431981623713
mfcc_7_std,0.02749279153090289
mfcc_1_mean,0.023049765744419342
mean_spectral_rolloff,0.021177410308883565
mean_spectral_centroid,0.020954342613403364
mean_zero_crossing_rate,0.01891676017193045
speech_rate_proxy,0.018055735274404853
mean_spectral_bandwidth,0.016979594637867947
mfcc_13_std,0.016294902705071584
duration,0.016234905596024668
min_f0_hz,0.01611999727317252
mfcc_8_mean,0.015407165425795946
mfcc_13_mean,0.014756405395040641
mfcc_9_mean,0.014690647155313548
mfcc_8_std,0.014636416788839895
mfcc_10_mean,0.014503922154829051
std_f0_hz,0.014362360301065294
mfcc_2_mean,0.014072409402034473
f0_range_hz,0.013701139928921231
std_spectral_centroid,0.013186161233987262
mfcc_11_std,0.013114442290214546
mfcc_3_std,0.012758606403533088
mfcc_11_mean,0.011888991626996812
pause_ratio,0.011226548621907792
std_zero_crossing_rate,0.011170592827829087
mfcc_4_mean,0.010842778131637327
mfcc_4_std,0.01005752481556718
mfcc_7_mean,0.010020390906507467
mfcc_5_std,0.009717744449364392
std_spectral_bandwidth,0.008858536635812521
mfcc_2_std,0.008680733580060655
mfcc_12_std,0.00810017357682268
mfcc_9_std,0.007741025683369546
std_spectral_rolloff,0.0072737098860042775
mfcc_3_mean,0.007065753248964534
mfcc_6_std,0.006352097193309743
mfcc_10_std,0.006209227571500931
number_of_speech_segments,0.004651923867507647
sample_rate,0.0
